[
    {
      "id": 1,
      "src":"//cdn.cnbj0.fds.api.mi-img.com/b2c-mimall-media/d6484113b03acde1672d50c395c09763.jpg?thumb=1&w=180&h=180" ,
      "price": 59,
      "name": "小米插线板（3USB 2A快充）",
      "tips":"47.9万人好评"
    },
    {
      "id": 2,
      "src": "//cdn.cnbj1.fds.api.mi-img.com/mi-mall/61454401f855cf5ed64747a6ac04bae5.jpg?thumb=1&w=180&h=180&f=webp&q=90",
      "price": 1599,
      "name": "Redmi Note 10 Pro",
      "tips":"47.9万人好评"
    },
    {
      "id": 3,
      "src":"//cdn.cnbj1.fds.api.mi-img.com/mi-mall/dbd5b31980837752ebfdd46f99abcd57.jpg?thumb=1&w=180&h=180&f=webp&q=90",
      "price": 78,
      "name": "米家电动剃须刀S100",
      "tips":"47.9万人好评"
    },
    {
      "id": 4,
      "src": "//cdn.cnbj1.fds.api.mi-img.com/mi-mall/b28153b80cb2c67564608e56d5c2f3f3.jpg?thumb=1&w=180&h=180&f=webp&q=90",
      "price": 1099.00,
      "name": "小米手环6 NFC版",
      "tips":"47.9万人好评"
    },
    {
      "id": 5,
      "src":"//cdn.cnbj1.fds.api.mi-img.com/mi-mall/29ab6d26b2aa18c3f418d603ed6f1910.jpg?thumb=1&w=180&h=180&f=webp&q=90",
      "price": 129,
      "name": "小米移动电源3 20000mAh USB-C双向快充版",
      "tips":"47.9万人好评"
    },
    {
      "id": 6,
      "src":"//cdn.cnbj1.fds.api.mi-img.com/mi-mall/74f5975a77c6d9fcf67e294c47561994.jpg?thumb=1&w=180&h=180&f=webp&q=90" ,
      "price": 79,
      "name": "米家空调伴侣2",
      "tips":"47.9万人好评"
    },
    {
      "id": 7,
      "src":"//cdn.cnbj1.fds.api.mi-img.com/mi-mall/ff21df849dd28d9afda3f53457fe2eb0.jpg?thumb=1&w=180&h=180&f=webp&q=90",
      "price": 79,
      "name": "米家护颈记忆绵枕",
      "tips":"47.9万人好评"
    },
    {
      "id": 8,
      "src":"//cdn.cnbj1.fds.api.mi-img.com/mi-mall/adce4500b997efaf6e3ff8e8150215f4.jpg?thumb=1&w=180&h=180&f=webp&q=90" ,
      "price": 1099.00,
      "name": "小米小爱音箱Play 增强版",
      "tips":"47.9万人好评"
    }
    ,
    {
      "id": 9,
      "src": "//cdn.cnbj1.fds.api.mi-img.com/mi-mall/9411fdd151581840ea291ab1abcb8fef.jpg?thumb=1&w=180&h=180&f=webp&q=90",
      "price": 69.00,
      "name": "小米移动电源3 10000mAh快充版",
      "tips":"47.9万人好评"
    }
    ,
    {
      "id": 10,
      "src": "//cdn.cnbj1.fds.api.mi-img.com/mi-mall/66c7a6e46c5f1a7214eab8182d78171e.jpg?thumb=1&w=180&h=180&f=webp&q=90",
      "price": 199.00,
      "name": "Redmi AirDots 3真无线蓝牙耳机",
      "tips":"47.9万人好评"
    }
    ,
    {
      "id": 11,
      "src": "//cdn.cnbj1.fds.api.mi-img.com/mi-mall/c80614905a8ce33d1fa65105d4c59157.jpg?thumb=1&w=180&h=180&f=webp&q=90",
      "price": 99.00,
      "name": "米家负离子便携吹风机H100",
      "tips":"47.9万人好评"
    }
    ,
    {
      "id": 12,
      "src": "https://cdn.cnbj1.fds.api.mi-img.com/mi-mall/500a840ec69f9ce885345e9a9471a9f9.png?thumb=1&w=180&h=180&f=webp&q=90",
      "price": 9.00,
      "name": "Redmi路由器AX6S",
      "tips":"47.9万人好评"
    }
    ,
    {
      "id": 13,
      "src": "//cdn.cnbj0.fds.api.mi-img.com/b2c-miapp-a1/T1bXKjBQAT1RXrhCrK.jpg?thumb=1&w=180&h=180",
      "price": 9.9,
      "name": "7号彩虹电池（10粒）",
      "tips":"47.9万人好评"
    }
    ,
    {
      "id": 14,
      "src": "//cdn.cnbj1.fds.api.mi-img.com/mi-mall/d9990f4266c0fb20482d637618fe9366.jpg?thumb=1&w=180&h=180&f=webp&q=90",
      "price": 349,
      "name": "米家智能空气炸锅3.5 L",
      "tips":"47.9万人好评"
    }
    ,
    {
      "id": 15,
      "src": "//cdn.cnbj1.fds.api.mi-img.com/mi-mall/70d65eab5671b8bb901b00d8debf40b1.jpg?thumb=1&w=180&h=180&f=webp&q=90",
      "price": 1999.00,
      "name": "小米智能门锁 Pro",
      "tips":"47.9万人好评"
    }
    ,
    {
      "id": 16,
      "src": "//cdn.cnbj1.fds.api.mi-img.com/mi-mall/4e75e528fb468aee107f551179aa0799.jpg?thumb=1&w=180&h=180&f=webp&q=90",
      "price": 1099.00,
      "name": "Note 9 Pro 5G",
      "tips":"47.9万人好评"
    }
    ,
    {
      "id": 17,
      "src": "//cdn.cnbj1.fds.api.mi-img.com/mi-mall/2eab1621911a13f2662e0e260df7c5ad.jpg?thumb=1&w=180&h=180&f=webp&q=90",
      "price": 59,
      "name": "米家魔方转换器",
      "tips":"47.9万人好评"
    }
    ,
    {
      "id": 18,
      "src": "//cdn.cnbj1.fds.api.mi-img.com/mi-mall/550177d2e54387521bce9e78cb2949dd.jpg?thumb=1&w=180&h=180&f=webp&q=90",
      "price": 99.00,
      "name": "小米体脂秤2",
      "tips":"47.9万人好评"
    }
    ,
    {
      "id": 19,
      "src":"//cdn.cnbj1.fds.api.mi-img.com/mi-mall/3c9787588ce1ae5876334a1b9296ad3f.jpg?thumb=1&w=180&h=180&f=webp&q=90" ,
      "price": 169.00,
      "name": "Redmi路由器AC2100",
      "tips":"47.9万人好评"
    }
    ,
    {
      "id": 20,
      "src": "//cdn.cnbj1.fds.api.mi-img.com/mi-mall/8909080ddb0851af0b87530e2927844f.jpg?thumb=1&w=180&h=180&f=webp&q=90",
      "price": 1099.00,
      "name": "Redmi Note 10 5G",
      "tips":"47.9万人好评"
    }
  ]