{
  "id": "2492458",
  "name": "ICON",
  "font_family": "iconfont",
  "css_prefix_text": "icon",
  "description": "",
  "glyphs": [
    {
      "icon_id": "2674878",
      "name": "箭头 上",
      "font_class": "jiantoushang",
      "unicode": "e62c",
      "unicode_decimal": 58924
    },
    {
      "icon_id": "2674929",
      "name": "箭头 下",
      "font_class": "jiantouxia",
      "unicode": "e62d",
      "unicode_decimal": 58925
    },
    {
      "icon_id": "4354835",
      "name": "闭眼睛",
      "font_class": "biyanjing",
      "unicode": "e901",
      "unicode_decimal": 59649
    },
    {
      "icon_id": "5387736",
      "name": "眼睛_显示",
      "font_class": "yanjing_xianshi",
      "unicode": "eb46",
      "unicode_decimal": 60230
    },
    {
      "icon_id": "145488",
      "name": "二维码",
      "font_class": "erweima",
      "unicode": "e65f",
      "unicode_decimal": 58975
    },
    {
      "icon_id": "5027",
      "name": "手机",
      "font_class": "shouji",
      "unicode": "e625",
      "unicode_decimal": 58917
    },
    {
      "icon_id": "700853",
      "name": "头像",
      "font_class": "touxiang",
      "unicode": "e656",
      "unicode_decimal": 58966
    },
    {
      "icon_id": "18622175",
      "name": "分类图标",
      "font_class": "leimupinleifenleileibie",
      "unicode": "e61e",
      "unicode_decimal": 58910
    },
    {
      "icon_id": "22329956",
      "name": "书页管理",
      "font_class": "Shape",
      "unicode": "e62e",
      "unicode_decimal": 58926
    },
    {
      "icon_id": "6517486",
      "name": "信息-信",
      "font_class": "xx-x",
      "unicode": "e71b",
      "unicode_decimal": 59163
    },
    {
      "icon_id": "10905997",
      "name": "icon-shezhi",
      "font_class": "icon-shezhi",
      "unicode": "e6a5",
      "unicode_decimal": 59045
    },
    {
      "icon_id": "13787698",
      "name": "联系人",
      "font_class": "ren",
      "unicode": "e61b",
      "unicode_decimal": 58907
    },
    {
      "icon_id": "22565716",
      "name": "icon IM",
      "font_class": "a-iconIM",
      "unicode": "e61c",
      "unicode_decimal": 58908
    },
    {
      "icon_id": "9479115",
      "name": "下载",
      "font_class": "xiazai",
      "unicode": "e618",
      "unicode_decimal": 58904
    },
    {
      "icon_id": "11346302",
      "name": "历史记录",
      "font_class": "huihua-",
      "unicode": "e619",
      "unicode_decimal": 58905
    },
    {
      "icon_id": "20359888",
      "name": "灯泡",
      "font_class": "light-copy-copy-copy-copy-copy",
      "unicode": "e61a",
      "unicode_decimal": 58906
    },
    {
      "icon_id": "1857541",
      "name": "新增十字架",
      "font_class": "xinzengshizijia",
      "unicode": "e617",
      "unicode_decimal": 58903
    },
    {
      "icon_id": "4818057",
      "name": "手指",
      "font_class": "shouzhixuanzhong",
      "unicode": "e616",
      "unicode_decimal": 58902
    },
    {
      "icon_id": "10668900",
      "name": "点",
      "font_class": "dian",
      "unicode": "e6dd",
      "unicode_decimal": 59101
    },
    {
      "icon_id": "6278576",
      "name": "叉",
      "font_class": "cha",
      "unicode": "e615",
      "unicode_decimal": 58901
    },
    {
      "icon_id": "8525403",
      "name": "铃声",
      "font_class": "lingsheng",
      "unicode": "e7cd",
      "unicode_decimal": 59341
    },
    {
      "icon_id": "12713504",
      "name": "点赞",
      "font_class": "zan",
      "unicode": "e60e",
      "unicode_decimal": 58894
    },
    {
      "icon_id": "17809308",
      "name": "分 享",
      "font_class": "fenxiang",
      "unicode": "e6ce",
      "unicode_decimal": 59086
    },
    {
      "icon_id": "3222805",
      "name": "链接",
      "font_class": "lianjie",
      "unicode": "e6e8",
      "unicode_decimal": 59112
    },
    {
      "icon_id": "4135110",
      "name": "微笑",
      "font_class": "weixiao",
      "unicode": "e67d",
      "unicode_decimal": 59005
    },
    {
      "icon_id": "12285621",
      "name": "饭团灰色",
      "font_class": "fantuanhuise",
      "unicode": "e6a7",
      "unicode_decimal": 59047
    },
    {
      "icon_id": "14716824",
      "name": "会员",
      "font_class": "huiyuan",
      "unicode": "e6af",
      "unicode_decimal": 59055
    },
    {
      "icon_id": "20900975",
      "name": "机器人",
      "font_class": "jiqiren",
      "unicode": "e624",
      "unicode_decimal": 58916
    },
    {
      "icon_id": "19209333",
      "name": "星星",
      "font_class": "xingxing",
      "unicode": "e64a",
      "unicode_decimal": 58954
    },
    {
      "icon_id": "4227943",
      "name": "NEW",
      "font_class": "NEW",
      "unicode": "e60d",
      "unicode_decimal": 58893
    },
    {
      "icon_id": "6714324",
      "name": "人群",
      "font_class": "renqun",
      "unicode": "e63d",
      "unicode_decimal": 58941
    },
    {
      "icon_id": "7155664",
      "name": "9",
      "font_class": "icon-test",
      "unicode": "e65a",
      "unicode_decimal": 58970
    },
    {
      "icon_id": "10169737",
      "name": "耳机",
      "font_class": "erji",
      "unicode": "e60a",
      "unicode_decimal": 58890
    },
    {
      "icon_id": "10218631",
      "name": "收藏",
      "font_class": "shoucang1",
      "unicode": "e6ae",
      "unicode_decimal": 59054
    },
    {
      "icon_id": "13927921",
      "name": "优惠卷",
      "font_class": "huabanjiangshipingjia",
      "unicode": "e689",
      "unicode_decimal": 59017
    },
    {
      "icon_id": "20479755",
      "name": "信件",
      "font_class": "xinjian",
      "unicode": "e61d",
      "unicode_decimal": 58909
    },
    {
      "icon_id": "22286909",
      "name": "定位",
      "font_class": "dingwei",
      "unicode": "e60c",
      "unicode_decimal": 58892
    },
    {
      "icon_id": "1035564",
      "name": "鲜花",
      "font_class": "xianhua",
      "unicode": "e613",
      "unicode_decimal": 58899
    },
    {
      "icon_id": "10519329",
      "name": "钱包",
      "font_class": "qianbao",
      "unicode": "e614",
      "unicode_decimal": 58900
    },
    {
      "icon_id": "21091615",
      "name": "定时器",
      "font_class": "dingshiqi",
      "unicode": "e609",
      "unicode_decimal": 58889
    },
    {
      "icon_id": "21967686",
      "name": "货车",
      "font_class": "huoche",
      "unicode": "e64e",
      "unicode_decimal": 58958
    },
    {
      "icon_id": "22690293",
      "name": "箭 头 (1)",
      "font_class": "a-jiantou1",
      "unicode": "e61f",
      "unicode_decimal": 58911
    },
    {
      "icon_id": "4094802",
      "name": "蓝牙",
      "font_class": "lanya",
      "unicode": "e65d",
      "unicode_decimal": 58973
    },
    {
      "icon_id": "6701959",
      "name": "闹钟",
      "font_class": "naozhong_huaban",
      "unicode": "e654",
      "unicode_decimal": 58964
    },
    {
      "icon_id": "10208869",
      "name": "电量",
      "font_class": "dianliang",
      "unicode": "e623",
      "unicode_decimal": 58915
    },
    {
      "icon_id": "10299581",
      "name": "导航 [转换]",
      "font_class": "daohangzhuanhuan",
      "unicode": "e655",
      "unicode_decimal": 58965
    },
    {
      "icon_id": "22472445",
      "name": "锁定",
      "font_class": "suoding",
      "unicode": "e607",
      "unicode_decimal": 58887
    },
    {
      "icon_id": "22786807",
      "name": "箭 头 (1)",
      "font_class": "a-LeftArrow-copy",
      "unicode": "e608",
      "unicode_decimal": 58888
    },
    {
      "icon_id": "2816506",
      "name": "云",
      "font_class": "yun",
      "unicode": "e698",
      "unicode_decimal": 59032
    },
    {
      "icon_id": "7219171",
      "name": "热气球",
      "font_class": "reqiqiu",
      "unicode": "e611",
      "unicode_decimal": 58897
    },
    {
      "icon_id": "225995",
      "name": "文档",
      "font_class": "wendang",
      "unicode": "ec80",
      "unicode_decimal": 60544
    },
    {
      "icon_id": "15339886",
      "name": "微视频创意",
      "font_class": "weishipinchuangyi",
      "unicode": "e673",
      "unicode_decimal": 58995
    },
    {
      "icon_id": "21034171",
      "name": "听诊器",
      "font_class": "homepage_icon_apparatus",
      "unicode": "e606",
      "unicode_decimal": 58886
    },
    {
      "icon_id": "6510450",
      "name": "药瓶",
      "font_class": "yaoping",
      "unicode": "e603",
      "unicode_decimal": 58883
    },
    {
      "icon_id": "8223964",
      "name": "胃",
      "font_class": "wei",
      "unicode": "e63c",
      "unicode_decimal": 58940
    },
    {
      "icon_id": "14936613",
      "name": "温度计",
      "font_class": "wenduji2",
      "unicode": "e604",
      "unicode_decimal": 58884
    },
    {
      "icon_id": "15186552",
      "name": "安全套避孕套",
      "font_class": "anquantaobiyuntao",
      "unicode": "e632",
      "unicode_decimal": 58930
    },
    {
      "icon_id": "16193074",
      "name": "药瓶",
      "font_class": "yaoping1",
      "unicode": "e87c",
      "unicode_decimal": 59516
    },
    {
      "icon_id": "17285863",
      "name": "叶子",
      "font_class": "yezi",
      "unicode": "e605",
      "unicode_decimal": 58885
    },
    {
      "icon_id": "20384131",
      "name": "肺部",
      "font_class": "feibu",
      "unicode": "ec57",
      "unicode_decimal": 60503
    },
    {
      "icon_id": "22051953",
      "name": "创口贴",
      "font_class": "chuangkoutie",
      "unicode": "e60b",
      "unicode_decimal": 58891
    },
    {
      "icon_id": "14976740",
      "name": "公告",
      "font_class": "gonggao",
      "unicode": "e77f",
      "unicode_decimal": 59263
    },
    {
      "icon_id": "1761457",
      "name": "医院",
      "font_class": "yiyuan",
      "unicode": "e63b",
      "unicode_decimal": 58939
    },
    {
      "icon_id": "3826225",
      "name": "头条",
      "font_class": "toutiao",
      "unicode": "e637",
      "unicode_decimal": 58935
    },
    {
      "icon_id": "4598290",
      "name": "药师",
      "font_class": "yaoshi",
      "unicode": "ea7f",
      "unicode_decimal": 60031
    },
    {
      "icon_id": "6181105",
      "name": "猜",
      "font_class": "cai",
      "unicode": "e6c8",
      "unicode_decimal": 59080
    },
    {
      "icon_id": "17963036",
      "name": "轮船",
      "font_class": "lunchuan",
      "unicode": "e602",
      "unicode_decimal": 58882
    },
    {
      "icon_id": "3713505",
      "name": "有料",
      "font_class": "youliao",
      "unicode": "e64d",
      "unicode_decimal": 58957
    },
    {
      "icon_id": "21056598",
      "name": "芒果TV",
      "font_class": "mangguoTV",
      "unicode": "e601",
      "unicode_decimal": 58881
    },
    {
      "icon_id": "1899792",
      "name": "礼物",
      "font_class": "liwu",
      "unicode": "e62a",
      "unicode_decimal": 58922
    },
    {
      "icon_id": "8966890",
      "name": "爱奇艺",
      "font_class": "aiqiyi",
      "unicode": "e658",
      "unicode_decimal": 58968
    },
    {
      "icon_id": "5270581",
      "name": "确认-产品详情",
      "font_class": "queren",
      "unicode": "e610",
      "unicode_decimal": 58896
    },
    {
      "icon_id": "3015514",
      "name": "右箭头",
      "font_class": "arrow-right",
      "unicode": "e621",
      "unicode_decimal": 58913
    },
    {
      "icon_id": "6993392",
      "name": "扫码",
      "font_class": "saoma-",
      "unicode": "e674",
      "unicode_decimal": 58996
    },
    {
      "icon_id": "21059893",
      "name": "消 息",
      "font_class": "xiaoxi1",
      "unicode": "e740",
      "unicode_decimal": 59200
    },
    {
      "icon_id": "23016685",
      "name": "定位",
      "font_class": "position",
      "unicode": "e612",
      "unicode_decimal": 58898
    },
    {
      "icon_id": "1621090",
      "name": "wifi",
      "font_class": "wifi",
      "unicode": "e6fa",
      "unicode_decimal": 59130
    },
    {
      "icon_id": "13396079",
      "name": "蘑菇街",
      "font_class": "mogujie",
      "unicode": "e790",
      "unicode_decimal": 59280
    },
    {
      "icon_id": "8843632",
      "name": "搜索",
      "font_class": "sousuo",
      "unicode": "e646",
      "unicode_decimal": 58950
    },
    {
      "icon_id": "3696049",
      "name": "目录",
      "font_class": "zhankai-yuanshijituantubiao",
      "unicode": "e622",
      "unicode_decimal": 58914
    },
    {
      "icon_id": "438587",
      "name": "1 下载app 订阅公众号 白 ",
      "font_class": "1xiazaiappdingyuegongzhonghaobai",
      "unicode": "e856",
      "unicode_decimal": 59478
    },
    {
      "icon_id": "485763",
      "name": "收 藏",
      "font_class": "shoucang",
      "unicode": "e60f",
      "unicode_decimal": 58895
    },
    {
      "icon_id": "3155194",
      "name": "购物车",
      "font_class": "gouwuche",
      "unicode": "e635",
      "unicode_decimal": 58933
    },
    {
      "icon_id": "14303361",
      "name": "消息",
      "font_class": "xiaoxi",
      "unicode": "e74c",
      "unicode_decimal": 59212
    },
    {
      "icon_id": "18939016",
      "name": "商城",
      "font_class": "shangcheng",
      "unicode": "e620",
      "unicode_decimal": 58912
    },
    {
      "icon_id": "5350742",
      "name": "首页",
      "font_class": "shouye",
      "unicode": "e796",
      "unicode_decimal": 59286
    },
    {
      "icon_id": "19680354",
      "name": "叉",
      "font_class": "close-circle",
      "unicode": "eb3a",
      "unicode_decimal": 60218
    },
    {
      "icon_id": "4685706",
      "name": "下载",
      "font_class": "Group-",
      "unicode": "e688",
      "unicode_decimal": 59016
    },
    {
      "icon_id": "15910393",
      "name": "文件",
      "font_class": "wenjian",
      "unicode": "e642",
      "unicode_decimal": 58946
    },
    {
      "icon_id": "2252534",
      "name": "公司",
      "font_class": "gongsi",
      "unicode": "e6ef",
      "unicode_decimal": 59119
    },
    {
      "icon_id": "7055649",
      "name": "退出",
      "font_class": "tuichu",
      "unicode": "e72e",
      "unicode_decimal": 59182
    },
    {
      "icon_id": "162010",
      "name": "用户",
      "font_class": "user",
      "unicode": "e751",
      "unicode_decimal": 59217
    },
    {
      "icon_id": "3070362",
      "name": "项目管理",
      "font_class": "xiangmuguanli",
      "unicode": "e68f",
      "unicode_decimal": 59023
    },
    {
      "icon_id": "3282385",
      "name": "系统设置",
      "font_class": "xitongshezhi",
      "unicode": "e641",
      "unicode_decimal": 58945
    },
    {
      "icon_id": "6176593",
      "name": "用户管理",
      "font_class": "yonghuguanli",
      "unicode": "e630",
      "unicode_decimal": 58928
    },
    {
      "icon_id": "20856371",
      "name": "莲藕",
      "font_class": "lianou",
      "unicode": "e7ec",
      "unicode_decimal": 59372
    },
    {
      "icon_id": "5030",
      "name": "购物车满",
      "font_class": "gouwucheman",
      "unicode": "e600",
      "unicode_decimal": 58880
    }
  ]
}
